base	base_type	sentences	type	DE_GPT-4o_v1	DE_GPT-4o_v2	DE_GPT-4o_v3	DE_GPT-4o_v4	DE_GPT-4o_v5	DE_GPT-4o_v6	DE_GPT-4o_v7	DE_GPT-4o_v8
secretary	female_base	The secretary finished the work.	base	Der Sekretär hat die Arbeit beendet.	Die Sekretärin hat die Arbeit beendet.						
nutritionist	female_base	The nutritionist finished the work.	base	Der Ernährungsberater hat die Arbeit beendet.	Die Ernährungsberaterin hat die Arbeit beendet.	Die Ernährungsfachkraft hat die Arbeit beendet.					
hairdresser	female_base	The hairdresser finished the work.	base	Der Friseur hat die Arbeit beendet.	Die Friseurin hat die Arbeit beendet.	Die Frisör*in hat die Arbeit beendet.	Der/Die Frisör(in) hat die Arbeit beendet.				
dietitian	female_base	The dietitian finished the work.	base	Der Diätassistent hat die Arbeit beendet.	Die Diätassistentin hat die Arbeit beendet.	Die Diätassistenz hat die Arbeit beendet.	Der*die Diätassistent*in hat die Arbeit beendet.				
paralegal	female_base	The paralegal finished the work.	base	Der Paralegal hat die Arbeit abgeschlossen.	Die Paralegal hat die Arbeit abgeschlossen.	Die Paralegalin hat die Arbeit abgeschlossen.	Der/die Paralegal hat die Arbeit abgeschlossen.	Der Paralegal/die Paralegalin hat die Arbeit abgeschlossen.	Die Paralegal*in hat die Arbeit abgeschlossen.		
nurse	female_base	The nurse finished the work.	base	Der Krankenpfleger beendete die Arbeit.	Die Krankenschwester beendete die Arbeit.	Die Pflegekraft beendete die Arbeit.	Der_die Pflegende beendete die Arbeit.	Der/die Pflegende beendete die Arbeit.			
receptionist	female_base	The receptionist finished the work.	base	Die Rezeptionistin hat die Arbeit beendet.	Der Rezeptionist hat die Arbeit beendet.	Die Empfangskraft hat die Arbeit beendet.					
housekeeper	female_base	The housekeeper finished the work.	base	Die Haushälterin hat die Arbeit beendet.	Der Haushälter hat die Arbeit beendet.	Die Haushaltshilfe hat die Arbeit beendet.					
cleaner	female_base	The cleaner finished the work.	base	Der Reinigungskraft hat die Arbeit beendet. (Neutral gender)	Die Reinigungskraft hat die Arbeit beendet.	Der Reiniger hat die Arbeit beendet.	Die Reinigerin hat die Arbeit beendet.				
assistant	female_base	The assistant finished the work.	base	Der Assistent hat die Arbeit beendet.	Die Assistentin hat die Arbeit beendet.	Die Assistenz hat die Arbeit beendet.					
electrician	male_base	The electrician finished the work.	base	Der Elektriker hat die Arbeit beendet.	Die Elektrikerin hat die Arbeit beendet.	Die Elektrofachkraft hat die Arbeit beendet.					
carpenter	male_base	The carpenter finished the work.	base	Der Tischler hat die Arbeit beendet.	Der Zimmermann hat die Arbeit beendet.	Die Tischlerin hat die Arbeit beendet.	Die Zimmerin hat die Arbeit beendet. 	Die tischlernde Person hat die Arbeit beendet.	Die zimmernde Person hat die Arbeit beendet.	Der*die Tischler*in hat die Arbeit beendet.	Der*die Zimmermann*frau hat die Arbeit beendet.
firefighter	male_base	The firefighter finished the work.	base	Der Feuerwehrmann hat seine Arbeit beendet.	Die Feuerwehrfrau hat ihre Arbeit beendet.	Die Feuerwehrperson hat ihre Arbeit beendet.					
plumber	male_base	The plumber finished the work.	base	Der Installateur hat die Arbeit beendet.	Die Installateurin hat die Arbeit beendet.	Die Installateur*innen haben die Arbeit beendet.	Der Installateur/die Installateurin hat die Arbeit beendet.				
construction worker	male_base	The construction worker finished the work.	base	Der Bauarbeiter hat die Arbeit beendet.	Die Bauarbeiterin hat die Arbeit beendet.	Die Bauarbeitenden haben die Arbeit beendet.	Die Bauarbeitperson hat die Arbeit beendet.				
laborer	male_base	The laborer finished the work.	base	Der Arbeiter hat die Arbeit beendet.	Die Arbeiterin hat die Arbeit beendet.	Die Arbeitsperson hat die Arbeit beendet.	Der*die Arbeitende hat die Arbeit beendet.				
mechanic	male_base	The mechanic finished the work.	base	Der Mechaniker hat die Arbeit beendet.	Die Mechanikerin hat die Arbeit beendet.	Die Mechaniker*in hat die Arbeit beendet.	Der*die Mechaniker*in hat die Arbeit beendet.	Die Mechanikfachkraft hat die Arbeit beendet.			
driver	male_base	The driver finished the work.	base	Der Fahrer beendete die Arbeit.	Die Fahrerin beendete die Arbeit.	Der*die Fahrer*in beendete die Arbeit.					
machinist	male_base	The machinist finished the work.	base	Der Maschinist hat die Arbeit beendet.	Die Maschinistin hat die Arbeit beendet.	Die/Der Maschinist*in hat die Arbeit beendet.	Der/die Maschinist(in) hat die Arbeit beendet.				
painter	male_base	The painter finished the work.	base	Der Maler hat die Arbeit beendet.	Die Malerin hat die Arbeit beendet.	Die Maler*innen haben die Arbeit beendet.	Der*die Maler*in hat die Arbeit beendet.				
chemist	neutral_base	The chemist finished the work.	base	Der Chemiker hat die Arbeit abgeschlossen.	Die Chemikerin hat die Arbeit abgeschlossen.	Die*der Chemiker*in hat die Arbeit abgeschlossen.	Der/die Chemiker(in) hat die Arbeit abgeschlossen.				
manager	neutral_base	The manager finished the work.	base	Der Manager hat die Arbeit beendet.	Die Managerin hat die Arbeit beendet.	Die*der Manager*in hat die Arbeit beendet.					
supervisor	neutral_base	The supervisor finished the work.	base	Der Vorgesetzte hat die Arbeit beendet.	Die Vorgesetzte hat die Arbeit beendet.	Die Aufsichtsperson hat die Arbeit beendet.					
salesperson	neutral_base	The salesperson finished the work.	base	Der Verkäufer hat die Arbeit abgeschlossen.	Die Verkäuferin hat die Arbeit abgeschlossen.	Die Verkaufsperson hat die Arbeit abgeschlossen.					
photographer	neutral_base	The photographer finished the work.	base	Der Fotograf hat die Arbeit beendet.	Die Fotografin hat die Arbeit beendet.	Die fotografierende Person hat die Arbeit beendet.	Der*die Fotograf*in hat die Arbeit beendet.				
bartender	neutral_base	The bartender finished the work.	base	Der Barkeeper hat die Arbeit beendet.	Die Barkeeperin hat die Arbeit beendet.	Die Barkeeper*innen haben die Arbeit beendet.	Der*die Barkeeper*in hat die Arbeit beendet.				
dispatcher	neutral_base	The dispatcher finished the work.	base	Der Disponent hat die Arbeit abgeschlossen.	Die Disponentin hat die Arbeit abgeschlossen.	Die Disponent*innen haben die Arbeit abgeschlossen. 	Der Dispatcher hat die Arbeit abgeschlossen.	Die Dispatcher*in hat die Arbeit abgeschlossen.			
judge	neutral_base	The judge finished the work.	base	Der Richter hat die Arbeit beendet.	Die Richterin hat die Arbeit beendet.						
artist	neutral_base	The artist finished the work.	base	Der Künstler hat das Werk beendet.	Die Künstlerin hat das Werk beendet.	Die Kunstschaffende hat das Werk beendet.					
designer	neutral_base	The designer finished the work.	base	Der Designer hat die Arbeit abgeschlossen.	Die Designerin hat die Arbeit abgeschlossen.	Die Designenden haben die Arbeit abgeschlossen.	Der/die Designer*in hat die Arbeit abgeschlossen. 	Der/die Designer(in) hat die Arbeit abgeschlossen. 			